,sequence_length,gc_content,at_content,unique_4mers
SARS-CoV-2,29903,0.3797277865097147,0.6202722134902853,5
Dengue_virus,10735,0.4666977177456917,0.5333022822543083,5
HIV-1,9181,0.4211959481537959,0.5788040518462041,5
