,absorption_band_1,absorption_band_2,absorption_band_3,absorption_band_4
ethanol,0.7926027459790955,0.6010726304132433,0.35751870744244946,0.26432362485700356
benzene,0.6968240106833137,0.5075515386402221,0.3854835953522221,0.6337643068370747
acetone,0.9028683755916712,0.4897537134744312,0.33296456147692466,0.4568588850465979
