,alpha_helix_content,beta_sheet_content,loop_content,compactness
Green_Fluorescent_Protein,0.4,0.3,0.3,35.98392427178086
Triosephosphate_Isomerase,0.3,0.4,0.3,37.355828993918045
Lysozyme,0.3,0.4,0.3,36.977782276885584
Myoglobin,0.35,0.35,0.3,36.543133877273604
Ribonuclease_A,0.3,0.4,0.3,37.921146332939486
Protein_G,0.35,0.35,0.3,37.794195136520685
Adenylate_Kinase,0.3,0.4,0.3,36.18855099160615
Subtilisin,0.35,0.35,0.3,38.380754726336804
Barnase,0.35,0.35,0.3,36.5409164516044
